nseg,icalc,outseg,iupseg,nstrpts,flow,roughch,roughbk,cdpth,fdpth,awdth,bwdth,hcond1,thickm1,elevup,width1,depth1,hcond2,thickm2,elevdn,width2,depth2
1,4,2,0,11,25.0,0.0,0.0,0.0,0.0,0.0,0.0,2.9999999242136255e-05,3.0,1095.0,0.0,0.0,2.9999999242136255e-05,3.0,1075.0,0.0,0.0
2,1,6,0,0,0.0,0.029999999329447746,0.0,0.0,0.0,0.0,0.0,2.9999999242136255e-05,3.0,1075.0,12.0,0.0,2.9999999242136255e-05,3.0,1050.0,12.0,0.0
3,0,5,1,0,10.0,0.0,0.0,0.0,0.0,0.0,0.0,2.9999999242136255e-05,2.0,1075.0,10.0,2.0,2.9999999242136255e-05,2.0,1060.0,6.0,1.0
4,1,5,0,0,10.0,0.029999999329447746,0.0,0.0,0.0,0.0,0.0,2.9999999242136255e-05,3.0,1080.0,10.0,0.0,2.9999999242136255e-05,3.0,1060.0,10.0,0.0
5,3,6,0,0,0.0,0.0,0.0,0.30000001192092896,0.3499999940395355,3.799999952316284,0.6000000238418579,2.9999999242136255e-05,3.0,1060.0,0.0,0.0,2.9999999242136255e-05,3.0,1045.0,0.0,0.0
6,1,8,0,0,0.0,0.029999999329447746,0.0,0.0,0.0,0.0,0.0,2.9999999242136255e-05,3.0,1045.0,12.0,0.0,2.9999999242136255e-05,3.0,1025.0,12.0,0.0
7,2,8,0,0,150.0,0.02500000037252903,0.04500000178813934,0.0,0.0,0.0,0.0,5.999999848427251e-05,3.0,1040.0,0.0,0.0,5.999999848427251e-05,3.0,1025.0,0.0,0.0
8,2,0,0,0,0.0,0.02500000037252903,0.04500000178813934,0.0,0.0,0.0,0.0,5.999999848427251e-05,3.0,1025.0,0.0,0.0,5.999999848427251e-05,3.0,990.0,0.0,0.0
