TOTIM           ,  PERIOD        ,   STEP         ,   ZONE         ,         STORAGE,   CONSTANT HEAD,           WELLS,          DRAINS,        RECHARGE,From Other Zones,Total IN        ,         STORAGE,   CONSTANT HEAD,           WELLS,          DRAINS,        RECHARGE,To Other Zones  ,Total Out       , IN-OUT         ,Percent Error   ,   FROM ZONE   0,   FROM ZONE   1,   FROM ZONE   2,   FROM ZONE   3,     TO ZONE   0,     TO ZONE   1,     TO ZONE   2,     TO ZONE   3,
    1.097000E+03,            1097,               1,               1,    0.000000E+00,    0.000000E+00,    0.000000E+00,    0.000000E+00,    5.145581E+03,    3.461505E+03,    8.607086E+03,    0.000000E+00,    2.305484E+02,    4.762800E+03,    0.000000E+00,    0.000000E+00,    3.613724E+03,    8.607073E+03,    1.345396E-02,    1.563127E-04,    1.658361E+03,    0.000000E+00,    1.610958E+03,    1.921860E+02,    6.274572E+02,    0.000000E+00,    2.847667E+03,    1.386004E+02,
    1.097000E+03,            1097,               1,               2,    0.000000E+00,    2.315666E+02,    0.000000E+00,    0.000000E+00,    1.493638E+01,    3.713330E+03,    3.959833E+03,    0.000000E+00,    2.157015E+02,    0.000000E+00,    0.000000E+00,    0.000000E+00,    3.744132E+03,    3.959833E+03,   -1.076013E-04,   -2.717319E-06,    1.658539E+02,    2.847667E+03,    0.000000E+00,    6.998096E+02,    6.809715E+02,    1.610958E+03,    0.000000E+00,    1.452202E+03,
    1.097000E+03,            1097,               1,               3,    0.000000E+00,    8.621720E+01,    0.000000E+00,    0.000000E+00,    2.987275E+01,    1.903256E+03,    2.019346E+03,    0.000000E+00,    2.991138E+02,    0.000000E+00,    0.000000E+00,    0.000000E+00,    1.720234E+03,    2.019348E+03,   -2.302036E-03,   -1.139990E-04,    3.124530E+02,    1.386004E+02,    1.452202E+03,    0.000000E+00,    8.282386E+02,    1.921860E+02,    6.998096E+02,    0.000000E+00,
